﻿<?xml version="1.0" encoding="UTF-8"?>
<ConfigDumpInfo xmlns="http://v8.1c.ru/8.3/xcf/dumpinfo" xmlns:xen="http://v8.1c.ru/8.3/xcf/enums" xmlns:xs="http://www.w3.org/2001/XMLSchema" xmlns:xsi="http://www.w3.org/2001/XMLSchema-instance" format="Hierarchical" version="2.16">
	<ConfigVersions>
		<Metadata name="AccumulationRegister.Закупка" id="4b0fce68-352b-415d-8733-5c95cfdb9845" configVersion="2b4ed96f2b50414a8f8db30428e9b33900000000">
			<Metadata name="AccumulationRegister.Закупка.Dimension.Номенклатура" id="0237c7d4-ff96-4f84-88aa-97b5cf9defd8"/>
			<Metadata name="AccumulationRegister.Закупка.Resource.Стоимость" id="36e4992f-1cc3-4742-abad-0bc3066fd9b2"/>
			<Metadata name="AccumulationRegister.Закупка.Dimension.Менеджер" id="4ecc7226-9643-4397-81b9-43da06443c0e"/>
			<Metadata name="AccumulationRegister.Закупка.Resource.Количество" id="5f183d94-be2e-4e1b-9c37-95dfd9e71049"/>
			<Metadata name="AccumulationRegister.Закупка.Dimension.Контрагент" id="77b1cc3f-d960-477d-8c87-f03bd823ce46"/>
			<Metadata name="AccumulationRegister.Закупка.Resource.Себестоимость" id="c5e8aca3-a7fc-46bb-8365-36b611bd51f7"/>
		</Metadata>
		<Metadata name="AccumulationRegister.Закупка.Aggregates" id="4b0fce68-352b-415d-8733-5c95cfdb9845.3" configVersion="2a194fd23b5b6044bb742610200dd4fe00000000"/>
		<Metadata name="AccumulationRegister.Закупка.Help" id="4b0fce68-352b-415d-8733-5c95cfdb9845.0" configVersion="a1d53b95a34a5b418d45ffd557601dfd00000000"/>
		<Metadata name="AccumulationRegister.Закупка.ManagerModule" id="4b0fce68-352b-415d-8733-5c95cfdb9845.2" configVersion="14a77179ff45ff42ab15f83003507bee00000000"/>
		<Metadata name="AccumulationRegister.Закупка.RecordSetModule" id="4b0fce68-352b-415d-8733-5c95cfdb9845.1" configVersion="b85b9ad92d7d5e40ab7cce844c98756100000000"/>
		<Metadata name="AccumulationRegister.ОстаткиМатериалов" id="b54baa4b-34e5-4559-9df9-aaf4fffa20e7" configVersion="70b6c98884c17646a8d23170cad8cc1800000000">
			<Metadata name="AccumulationRegister.ОстаткиМатериалов.Resource.Количество" id="25575ab8-6897-4258-8126-c8be7be64143"/>
			<Metadata name="AccumulationRegister.ОстаткиМатериалов.Dimension.Склад" id="43909749-992e-4ea4-aea9-eb1f51952ea3"/>
			<Metadata name="AccumulationRegister.ОстаткиМатериалов.Dimension.Номенклатура" id="4ade06be-cd2a-468e-bfe4-dfdc295d456e"/>
		</Metadata>
		<Metadata name="AccumulationRegister.ОстаткиМатериалов.Aggregates" id="b54baa4b-34e5-4559-9df9-aaf4fffa20e7.3" configVersion="ffd2a704190b3c49af2a2e7f5f7600aa00000000"/>
		<Metadata name="AccumulationRegister.ОстаткиМатериалов.Form.ФормаСписка" id="30f97b6a-dde8-483b-b5f3-c5564d3b9fd9" configVersion="3f441402ecf4c6499fb63bcb50cb65c000000000"/>
		<Metadata name="AccumulationRegister.ОстаткиМатериалов.Form.ФормаСписка.Form" id="30f97b6a-dde8-483b-b5f3-c5564d3b9fd9.0" configVersion="fda1f6d62564c345912a200cc07a334200000000"/>
		<Metadata name="AccumulationRegister.ОстаткиМатериалов.Form.ФормаСписка.Help" id="30f97b6a-dde8-483b-b5f3-c5564d3b9fd9.1" configVersion="d1a78abb1057d04c9aab979ed5a8b80800000000"/>
		<Metadata name="AccumulationRegister.ОстаткиМатериалов.Help" id="b54baa4b-34e5-4559-9df9-aaf4fffa20e7.0" configVersion="2c76a2bc001f8e4c8a6feafb7f52245f00000000"/>
		<Metadata name="AccumulationRegister.ОстаткиМатериалов.ManagerModule" id="b54baa4b-34e5-4559-9df9-aaf4fffa20e7.2" configVersion="15231123c637a84bb7612b8e88caf01a00000000"/>
		<Metadata name="AccumulationRegister.ОстаткиМатериалов.RecordSetModule" id="b54baa4b-34e5-4559-9df9-aaf4fffa20e7.1" configVersion="9654cd5e03f55d47a1daed65b04ead0400000000"/>
		<Metadata name="AccumulationRegister.Продажи" id="bbacd43a-96be-4483-a5fc-0f36402e1a51" configVersion="581a43012355b443a6b4184ea362c8e200000000">
			<Metadata name="AccumulationRegister.Продажи.Resource.Выручка" id="2f17be22-d93f-4d57-8294-2fe593c54709"/>
			<Metadata name="AccumulationRegister.Продажи.Dimension.Номенклатура" id="489ff0e8-5752-47fc-b009-5ab43dc78873"/>
			<Metadata name="AccumulationRegister.Продажи.Dimension.Мастер" id="51ddec3c-0d73-4331-b402-0e579139e508"/>
			<Metadata name="AccumulationRegister.Продажи.Dimension.Контрагент" id="c33a3bca-1c6b-41ba-89df-3c4a74a68501"/>
			<Metadata name="AccumulationRegister.Продажи.Resource.Количество" id="c532835f-6369-4668-86b2-1acbc1e3a69b"/>
			<Metadata name="AccumulationRegister.Продажи.Resource.Стоимость" id="c9e007ba-c4fa-41bc-92fd-90afec702b05"/>
		</Metadata>
		<Metadata name="AccumulationRegister.Продажи.Aggregates" id="bbacd43a-96be-4483-a5fc-0f36402e1a51.3" configVersion="d4d834373be72c42a4a4ef5bbc22d81800000000"/>
		<Metadata name="AccumulationRegister.Продажи.Help" id="bbacd43a-96be-4483-a5fc-0f36402e1a51.0" configVersion="2623200cc9a35a4d9fbee38e2bcbf13600000000"/>
		<Metadata name="AccumulationRegister.Продажи.ManagerModule" id="bbacd43a-96be-4483-a5fc-0f36402e1a51.2" configVersion="7e50c37058f9cd478efb3be440f004d600000000"/>
		<Metadata name="AccumulationRegister.Продажи.RecordSetModule" id="bbacd43a-96be-4483-a5fc-0f36402e1a51.1" configVersion="412e7828c9700446b939d1d855b1eac700000000"/>
		<Metadata name="Catalog.Контрагенты" id="3e052077-f2a7-4ac1-9731-f4c10c10d7bc" configVersion="ede45602cc256e4a868c88b2561ece2300000000">
			<Metadata name="Catalog.Контрагенты.Attribute.ТелефонКонтактногоЛица" id="01f87d41-bd90-4838-ac94-81e2a4ea5f55"/>
			<Metadata name="Catalog.Контрагенты.Attribute.ПолноеНаименование" id="44ea9cd4-1cc5-4d7e-b9ea-c4cd8742791b"/>
			<Metadata name="Catalog.Контрагенты.Attribute.Адрес" id="e439846c-4754-43f1-af48-e2dce59fed24"/>
			<Metadata name="Catalog.Контрагенты.Attribute.КонтактноеЛицо" id="fbbfb0ab-592b-4706-ba2a-0b8063b0fb15"/>
		</Metadata>
		<Metadata name="Catalog.Контрагенты.Form.ФормаСписка" id="f2d399e6-77bf-4fa2-8700-57752ec352c4" configVersion="302cf1de3b96734ebc2ccd0bba53634100000000"/>
		<Metadata name="Catalog.Контрагенты.Form.ФормаСписка.Form" id="f2d399e6-77bf-4fa2-8700-57752ec352c4.0" configVersion="fe7ef9b4b769f34a958263e4cd262b3b00000000"/>
		<Metadata name="Catalog.Контрагенты.Form.ФормаСписка.Help" id="f2d399e6-77bf-4fa2-8700-57752ec352c4.1" configVersion="0ad680088dde444db38c017148fb1bf600000000"/>
		<Metadata name="Catalog.Контрагенты.Form.ФормаЭлемента" id="37234a82-ec38-4491-9feb-682a2086316a" configVersion="f65d048b66112b4dadf713638b5597eb00000000"/>
		<Metadata name="Catalog.Контрагенты.Form.ФормаЭлемента.Form" id="37234a82-ec38-4491-9feb-682a2086316a.0" configVersion="3a3e5aaac23f5e42bce94553e0d156e800000000"/>
		<Metadata name="Catalog.Контрагенты.Form.ФормаЭлемента.Help" id="37234a82-ec38-4491-9feb-682a2086316a.1" configVersion="1260b6d69175454da8757cfbd996c95700000000"/>
		<Metadata name="Catalog.Контрагенты.Help" id="3e052077-f2a7-4ac1-9731-f4c10c10d7bc.1" configVersion="e4ca18db91899840b47c3f597faabc2900000000"/>
		<Metadata name="Catalog.Контрагенты.ManagerModule" id="3e052077-f2a7-4ac1-9731-f4c10c10d7bc.3" configVersion="3694c02565968b4b908f2dfe4e9c7e2700000000"/>
		<Metadata name="Catalog.Контрагенты.ObjectModule" id="3e052077-f2a7-4ac1-9731-f4c10c10d7bc.0" configVersion="0c66b06810275045865ec563f008c28d00000000"/>
		<Metadata name="Catalog.Контрагенты.Predefined" id="3e052077-f2a7-4ac1-9731-f4c10c10d7bc.1c" configVersion="c8165a6e5de894428f55fb7b6fabcde800000000"/>
		<Metadata name="Catalog.Номенклатура" id="45f2d495-c20f-4e16-a3e2-9437f5e34868" configVersion="956faf677b6343498352568816f80c9400000000">
			<Metadata name="Catalog.Номенклатура.Attribute.Описание" id="5b6715f0-d4d1-4379-a6b9-b46a6e364306"/>
			<Metadata name="Catalog.Номенклатура.Attribute.ВидНоменклатуры" id="658a1844-7326-4852-9b8f-0e7fdcd7d541"/>
		</Metadata>
		<Metadata name="Catalog.Номенклатура.Form.ФормаЭлемента" id="8ed98661-05ab-4055-8fa3-b20e4eadcb27" configVersion="70865dcf6393c34794cd9c66158f884800000000"/>
		<Metadata name="Catalog.Номенклатура.Form.ФормаЭлемента.Form" id="8ed98661-05ab-4055-8fa3-b20e4eadcb27.0" configVersion="a7bee6af5624554c9d507e6214170f8200000000"/>
		<Metadata name="Catalog.Номенклатура.Form.ФормаЭлемента.Help" id="8ed98661-05ab-4055-8fa3-b20e4eadcb27.1" configVersion="47ae225346a19948bafa322e51ad9e6e00000000"/>
		<Metadata name="Catalog.Номенклатура.Help" id="45f2d495-c20f-4e16-a3e2-9437f5e34868.1" configVersion="129c36090959bd4a85b2969fa5a18b9b00000000"/>
		<Metadata name="Catalog.Номенклатура.ManagerModule" id="45f2d495-c20f-4e16-a3e2-9437f5e34868.3" configVersion="58ee60404708f2439a276c69ee469f4f00000000"/>
		<Metadata name="Catalog.Номенклатура.ObjectModule" id="45f2d495-c20f-4e16-a3e2-9437f5e34868.0" configVersion="61881d901c85b94f991cda924d164fba00000000"/>
		<Metadata name="Catalog.Номенклатура.Predefined" id="45f2d495-c20f-4e16-a3e2-9437f5e34868.1c" configVersion="a4b995d5808a1e4a9b423fa4c88ebfcf00000000"/>
		<Metadata name="Catalog.Отделы" id="592c53a6-3916-4f00-96e9-281fab56a873" configVersion="f3843c537b04934b9dc2127e127828ca00000000"/>
		<Metadata name="Catalog.Отделы.Help" id="592c53a6-3916-4f00-96e9-281fab56a873.1" configVersion="fba25ee84f8d7544947ec69d241304dd00000000"/>
		<Metadata name="Catalog.Отделы.ManagerModule" id="592c53a6-3916-4f00-96e9-281fab56a873.3" configVersion="e3f01790ed7a9f438d14ca5941eefe0300000000"/>
		<Metadata name="Catalog.Отделы.ObjectModule" id="592c53a6-3916-4f00-96e9-281fab56a873.0" configVersion="c6ea7e3f88085e4988463b75cb247e8a00000000"/>
		<Metadata name="Catalog.Отделы.Predefined" id="592c53a6-3916-4f00-96e9-281fab56a873.1c" configVersion="59b750a433490749a253f0dbe635070400000000"/>
		<Metadata name="Catalog.ПредставителиКонтрагентов" id="2fec6459-4975-46cc-85a9-2259be714b14" configVersion="fba46351a6ea29438d22cfb4bfd216c200000000">
			<Metadata name="Catalog.ПредставителиКонтрагентов.Attribute.КонтактныеСведения" id="5970cc1c-a6fe-4b08-b16a-9c11768bc535"/>
			<Metadata name="Catalog.ПредставителиКонтрагентов.Attribute.Работает" id="b126e243-4c04-4ceb-ab0b-bf48e85908cb"/>
		</Metadata>
		<Metadata name="Catalog.ПредставителиКонтрагентов.Help" id="2fec6459-4975-46cc-85a9-2259be714b14.1" configVersion="6e6ea81aa4fe4b4d93e1617978b6fbf500000000"/>
		<Metadata name="Catalog.ПредставителиКонтрагентов.ManagerModule" id="2fec6459-4975-46cc-85a9-2259be714b14.3" configVersion="536e4fcf47a0d14dbb6c120c4082500500000000"/>
		<Metadata name="Catalog.ПредставителиКонтрагентов.ObjectModule" id="2fec6459-4975-46cc-85a9-2259be714b14.0" configVersion="e055cb69d6396b4abfbe55b79c168e6600000000"/>
		<Metadata name="Catalog.ПредставителиКонтрагентов.Predefined" id="2fec6459-4975-46cc-85a9-2259be714b14.1c" configVersion="24b68ba79b9a5349999c7b99ac66528d00000000"/>
		<Metadata name="Catalog.Склады" id="a1e8d0d3-0340-4a23-8a02-19d55f558d55" configVersion="20e93d21b84c294485b3815f11aef66900000000"/>
		<Metadata name="Catalog.Склады.Help" id="a1e8d0d3-0340-4a23-8a02-19d55f558d55.1" configVersion="c561d7a18978dd46887dbfd688862db200000000"/>
		<Metadata name="Catalog.Склады.ManagerModule" id="a1e8d0d3-0340-4a23-8a02-19d55f558d55.3" configVersion="e407262ad0c5084eb9928ea551892ac400000000"/>
		<Metadata name="Catalog.Склады.ObjectModule" id="a1e8d0d3-0340-4a23-8a02-19d55f558d55.0" configVersion="4671ea862ff3e64183ca3a863cd40d8800000000"/>
		<Metadata name="Catalog.Склады.Predefined" id="a1e8d0d3-0340-4a23-8a02-19d55f558d55.1c" configVersion="6ef75e791907974cbe417a177cdb636600000000"/>
		<Metadata name="Catalog.Сотрудники" id="ee959be2-6fe5-4e94-bcd9-4888faf7c4c5" configVersion="48a1b61921fc314a9f183ee64fd355f000000000">
			<Metadata name="Catalog.Сотрудники.Attribute.Имя" id="1144f38f-9bb3-4b21-8ec1-5f76141edbba"/>
			<Metadata name="Catalog.Сотрудники.Attribute.ДатаРождения" id="163d6ac7-1b74-4c70-bb70-74680fa2ad73"/>
			<Metadata name="Catalog.Сотрудники.Attribute.УлицаФакт" id="297bff7c-ee40-4444-acb4-6b0f3ca3ed40"/>
			<Metadata name="Catalog.Сотрудники.Attribute.БезОпытаРаботы" id="34ca3287-07be-451a-9daf-ece8991c82e1"/>
			<Metadata name="Catalog.Сотрудники.TabularSection.Образование" id="39008c59-11b8-4a81-ba0e-e9b84bf53b8a"/>
			<Metadata name="Catalog.Сотрудники.Attribute.Улица" id="43b676dc-c0f2-4919-b7a2-36a2d5640660"/>
			<Metadata name="Catalog.Сотрудники.Attribute.НомерТелефона" id="4b429778-7f35-4c9d-9e2c-fb4bbf70bf6f"/>
			<Metadata name="Catalog.Сотрудники.TabularSection.Образование.Attribute.УчебноеЗаведение" id="4b5bfdc1-cf0f-43c3-8e48-76d9b2cf2e4c"/>
			<Metadata name="Catalog.Сотрудники.Attribute.Отчество" id="4d2df1e1-ec39-4494-a178-1f79ef16660e"/>
			<Metadata name="Catalog.Сотрудники.Attribute.Город" id="544e9743-b5af-435b-86ab-e164395e1154"/>
			<Metadata name="Catalog.Сотрудники.Attribute.ИНН" id="55be5a85-8525-4dee-8528-1e3685029d96"/>
			<Metadata name="Catalog.Сотрудники.Attribute.ГородФакт" id="5b6d9650-d6a6-4400-a8f4-b8a62d31a183"/>
			<Metadata name="Catalog.Сотрудники.Attribute.Совпадает" id="5cb8655a-eb8a-4299-bd1a-93515962415f"/>
			<Metadata name="Catalog.Сотрудники.TabularSection.СтажРаботы.Attribute.Организация" id="6c67cea8-4395-4d66-a8a4-2949bb9e5ba0"/>
			<Metadata name="Catalog.Сотрудники.Attribute.Пол" id="74b66e4e-d85f-48c1-90eb-89e0ee173c35"/>
			<Metadata name="Catalog.Сотрудники.TabularSection.СтажРаботы.Attribute.Должность" id="7a851153-c41b-4043-9289-0721889c3c28"/>
			<Metadata name="Catalog.Сотрудники.Attribute.СерияИНомер" id="7e5640b1-7297-494b-9e3e-390f9016ddee"/>
			<Metadata name="Catalog.Сотрудники.TabularSection.СтажРаботы" id="8ab4a35d-73b7-4eb5-b4c8-f9fe434218e8"/>
			<Metadata name="Catalog.Сотрудники.Attribute.Отдел" id="8c40431f-3059-4c6a-ac7e-d371a82f00cf"/>
			<Metadata name="Catalog.Сотрудники.Attribute.Дом" id="98fc7527-5bf6-45ef-9698-9de425376164"/>
			<Metadata name="Catalog.Сотрудники.Attribute.Фамилия" id="aa01382b-e715-4b86-a435-d14d7a49e71e"/>
			<Metadata name="Catalog.Сотрудники.Attribute.Выдан" id="ac9fbb60-d31a-4533-aa7d-e06a85fe32d4"/>
			<Metadata name="Catalog.Сотрудники.TabularSection.Образование.Attribute.ГодВыпуска" id="adcd2958-731c-4a17-b979-75fbf9ff8c52"/>
			<Metadata name="Catalog.Сотрудники.TabularSection.СтажРаботы.Attribute.ПериодРаботы" id="b56ff43a-fdd2-434d-8577-674e9e1324b5"/>
			<Metadata name="Catalog.Сотрудники.Attribute.Картинка" id="c4c28d04-f96c-4401-be1b-9e8c437c2f86"/>
			<Metadata name="Catalog.Сотрудники.Attribute.КвФакт" id="d9e14145-4709-47a6-9919-660fdb3e6fb8"/>
			<Metadata name="Catalog.Сотрудники.Attribute.СемейноеПоложение" id="ea482f5a-c0da-47a9-97ba-c2acb229e2fe"/>
			<Metadata name="Catalog.Сотрудники.Attribute.ДомФакт" id="f150c9d0-1c74-4fef-b47d-d2388d00925f"/>
			<Metadata name="Catalog.Сотрудники.TabularSection.Образование.Attribute.Специальность" id="f625c42c-99f1-4574-b93f-67ff103c76b9"/>
			<Metadata name="Catalog.Сотрудники.Attribute.СНИЛС" id="f77934df-f9c9-4303-816e-f6a955585416"/>
			<Metadata name="Catalog.Сотрудники.Attribute.Квартира" id="f9c44c0d-e81c-4528-8e7a-4cb6b419f95f"/>
			<Metadata name="Catalog.Сотрудники.Attribute.ДатаВыдачи" id="febb2e1e-362a-4fdc-933e-c06afe5dca26"/>
		</Metadata>
		<Metadata name="Catalog.Сотрудники.Form.ФормаСписка" id="3a496992-01bd-4af3-b025-c26e4f25aab7" configVersion="649f2aa9174ec442a74f58a3474eb2a500000000"/>
		<Metadata name="Catalog.Сотрудники.Form.ФормаСписка.Form" id="3a496992-01bd-4af3-b025-c26e4f25aab7.0" configVersion="0ca5b256cb2f17498b017157e0da656e00000000"/>
		<Metadata name="Catalog.Сотрудники.Form.ФормаСписка.Help" id="3a496992-01bd-4af3-b025-c26e4f25aab7.1" configVersion="a923c507b25c2e4ab297c6cfb9faccb500000000"/>
		<Metadata name="Catalog.Сотрудники.Form.ФормаЭлемента" id="b2d6b028-445b-4e4c-935a-01ae2710b10e" configVersion="3ce5eb962cc45c498cf89dcbe06a241700000000"/>
		<Metadata name="Catalog.Сотрудники.Form.ФормаЭлемента.Form" id="b2d6b028-445b-4e4c-935a-01ae2710b10e.0" configVersion="d090bb05951ee24ab66524112cbe0c3100000000"/>
		<Metadata name="Catalog.Сотрудники.Form.ФормаЭлемента.Help" id="b2d6b028-445b-4e4c-935a-01ae2710b10e.1" configVersion="affc5da876cf534a8a63749d2b35c04800000000"/>
		<Metadata name="Catalog.Сотрудники.Help" id="ee959be2-6fe5-4e94-bcd9-4888faf7c4c5.1" configVersion="82d2b4c5f63d7444b4c84d4bb5ee6bb500000000"/>
		<Metadata name="Catalog.Сотрудники.ManagerModule" id="ee959be2-6fe5-4e94-bcd9-4888faf7c4c5.3" configVersion="3ecce49c8f825141bb9a9ba5c541bd6800000000"/>
		<Metadata name="Catalog.Сотрудники.ObjectModule" id="ee959be2-6fe5-4e94-bcd9-4888faf7c4c5.0" configVersion="157feaf221397a4293859b93b5c3eb5e00000000"/>
		<Metadata name="Catalog.Сотрудники.Predefined" id="ee959be2-6fe5-4e94-bcd9-4888faf7c4c5.1c" configVersion="71a9cca1bd9b2846a8700c0bb903111a00000000"/>
		<Metadata name="Catalog.Файлы" id="0fa174da-e9ad-4aca-aa86-a913b05e9576" configVersion="a99ddda5636b6d48ad85dd3886211d2f00000000">
			<Metadata name="Catalog.Файлы.Attribute.Файл" id="571cc56a-1cba-4d7c-82a1-290febba044d"/>
		</Metadata>
		<Metadata name="Catalog.Файлы.Help" id="0fa174da-e9ad-4aca-aa86-a913b05e9576.1" configVersion="95e8eb53b340814596da08170485a30700000000"/>
		<Metadata name="Catalog.Файлы.ManagerModule" id="0fa174da-e9ad-4aca-aa86-a913b05e9576.3" configVersion="352c8306bc22754884292058e7cfc23500000000"/>
		<Metadata name="Catalog.Файлы.ObjectModule" id="0fa174da-e9ad-4aca-aa86-a913b05e9576.0" configVersion="88d803f96abe3c40a526e24e7a4a5b3300000000"/>
		<Metadata name="Catalog.Файлы.Predefined" id="0fa174da-e9ad-4aca-aa86-a913b05e9576.1c" configVersion="9c5390f7dbf7de4e9db5c97a7d5753e200000000"/>
		<Metadata name="CommonModule.Автопересчет" id="fa680080-c409-47fb-8767-467e6bbc72fb" configVersion="342c47c32c8f7843b760d762e531607300000000"/>
		<Metadata name="CommonModule.Автопересчет.Module" id="fa680080-c409-47fb-8767-467e6bbc72fb.0" configVersion="dbe2226b86529c42ab252aabbf87e1c900000000"/>
		<Metadata name="CommonModule.СерверныеФункции" id="8f0a5299-3637-40d6-84b9-88ce76ca4df7" configVersion="66e0e7422635f64794e1955b0373b2e600000000"/>
		<Metadata name="CommonModule.СерверныеФункции.Module" id="8f0a5299-3637-40d6-84b9-88ce76ca4df7.0" configVersion="6e62696418cd8045b867c4e5a5ccfefc00000000"/>
		<Metadata name="CommonPicture.Бухгалтерия" id="fdeaf641-b043-48d0-8ccc-36d136c50c45" configVersion="c12f57b28f14af4790ddb0193f85498a00000000"/>
		<Metadata name="CommonPicture.Бухгалтерия.Picture" id="fdeaf641-b043-48d0-8ccc-36d136c50c45.0" configVersion="d521518b89424240b40c98c211cf8ad600000000"/>
		<Metadata name="CommonPicture.ОказаниеУслуг" id="965226bb-5176-4c4f-86c1-6e1e60e36cca" configVersion="d273e10d936fdd45898884ec38b29a7d00000000"/>
		<Metadata name="CommonPicture.ОказаниеУслуг.Picture" id="965226bb-5176-4c4f-86c1-6e1e60e36cca.0" configVersion="a09b2b35d05d664087567b181263312b00000000"/>
		<Metadata name="CommonPicture.Предприятие" id="4f46837b-7dcd-494c-b039-6197d32e372d" configVersion="8196c7b8df2a064eb7dcbdbc5ee091f000000000"/>
		<Metadata name="CommonPicture.Предприятие.Picture" id="4f46837b-7dcd-494c-b039-6197d32e372d.0" configVersion="f9de6864f7319b43a1e540309cbe3a0100000000"/>
		<Metadata name="CommonPicture.Сотрудники" id="641b4f9a-989a-44c6-92c9-6e3e795b02ec" configVersion="c5cec29440e8ed46876d75d27ef5512d00000000"/>
		<Metadata name="CommonPicture.Сотрудники.Picture" id="641b4f9a-989a-44c6-92c9-6e3e795b02ec.0" configVersion="5d367a75cb6f3c47ac008b1dad77a38d00000000"/>
		<Metadata name="CommonPicture.УчетМатериалов" id="6923712c-7b6f-4195-8860-74989ab1c73f" configVersion="54db218397b89b43a319abea131926a100000000"/>
		<Metadata name="CommonPicture.УчетМатериалов.Picture" id="6923712c-7b6f-4195-8860-74989ab1c73f.0" configVersion="3e9f63d2f3e2d846a9f333bfcc1253da00000000"/>
		<Metadata name="Configuration.УчетКомпьютеровИКомплектующих" id="01b1935f-ecda-47b9-85a0-3cb3d58519ed" configVersion="689f53e560538a4ba75a12e8aeda7c1300000000"/>
		<Metadata name="Configuration.УчетКомпьютеровИКомплектующих.ClientApplicationInterface" id="b111e547-6d2e-486e-b13a-b30088a3f5dc.b" configVersion="2de94521b779484aac0515948e9826e900000000"/>
		<Metadata name="Configuration.УчетКомпьютеровИКомплектующих.HomePageWorkArea" id="b111e547-6d2e-486e-b13a-b30088a3f5dc.8" configVersion="fa91dd31f8ee624585a076c45ac0a7f000000000"/>
		<Metadata name="Configuration.УчетКомпьютеровИКомплектующих.ManagedApplicationModule" id="b111e547-6d2e-486e-b13a-b30088a3f5dc.6" configVersion="349ff73ea690754a834ff578e8be29fc00000000"/>
		<Metadata name="Document.ОказаниеУслуги" id="cfdbca77-10f1-495c-8481-1d3266463784" configVersion="71eb2417fa25d14bbde148e9e8a2bc0b00000000">
			<Metadata name="Document.ОказаниеУслуги.TabularSection.Материалы" id="2d2c5db7-b2e9-4ff6-890f-2b12cac6e9cc"/>
			<Metadata name="Document.ОказаниеУслуги.TabularSection.Материалы.Attribute.Количество" id="2fa37c16-ef70-4c34-b2b2-b2ea73f61596"/>
			<Metadata name="Document.ОказаниеУслуги.TabularSection.Материалы.Attribute.Цена" id="5223d1d7-9107-442c-a85f-30c8efbfe537"/>
			<Metadata name="Document.ОказаниеУслуги.Command.Печать" id="6aa31f58-6bc9-4b59-acbd-557b08c91166"/>
			<Metadata name="Document.ОказаниеУслуги.Attribute.Мастер" id="77007086-bd59-4825-a2bf-96d97a7de273"/>
			<Metadata name="Document.ОказаниеУслуги.TabularSection.Материалы.Attribute.Номенклатура" id="9deda50c-6c52-4303-a727-f8b079f3fc7c"/>
			<Metadata name="Document.ОказаниеУслуги.Attribute.Склад" id="aaa7fa9e-6632-40bd-a131-ded9ad30db52"/>
			<Metadata name="Document.ОказаниеУслуги.TabularSection.Материалы.Attribute.Сумма" id="c43acfae-0915-41bf-8f6a-4cdf0d143d9b"/>
			<Metadata name="Document.ОказаниеУслуги.Attribute.Контрагент" id="ec97bd72-9e14-47d9-8a03-5a97be9578fc"/>
		</Metadata>
		<Metadata name="Document.ОказаниеУслуги.Command.Печать.CommandModule" id="6aa31f58-6bc9-4b59-acbd-557b08c91166.2" configVersion="9b4770415b67014ab3d3e827fbce8e3e00000000"/>
		<Metadata name="Document.ОказаниеУслуги.Form.ФормаДокумента" id="c6bb2219-e34c-4de4-8429-3eacd99e2b50" configVersion="a8521d9e3cd74640865ea793413d512900000000"/>
		<Metadata name="Document.ОказаниеУслуги.Form.ФормаДокумента.Form" id="c6bb2219-e34c-4de4-8429-3eacd99e2b50.0" configVersion="8de7d27ff43ba344a25caf800cb17bc700000000"/>
		<Metadata name="Document.ОказаниеУслуги.Form.ФормаДокумента.Help" id="c6bb2219-e34c-4de4-8429-3eacd99e2b50.1" configVersion="288832eeae3cc547847600e5b4b33e3a00000000"/>
		<Metadata name="Document.ОказаниеУслуги.Help" id="cfdbca77-10f1-495c-8481-1d3266463784.1" configVersion="24ec4b16b14e12459018a97dd779d7c000000000"/>
		<Metadata name="Document.ОказаниеУслуги.ManagerModule" id="cfdbca77-10f1-495c-8481-1d3266463784.2" configVersion="6933c177d31ee746b087f4955bb854b700000000"/>
		<Metadata name="Document.ОказаниеУслуги.ObjectModule" id="cfdbca77-10f1-495c-8481-1d3266463784.0" configVersion="3ccdbb3705251143b4c30631a982f74700000000"/>
		<Metadata name="Document.ОказаниеУслуги.Template.Печать" id="820387d3-16d0-4b83-8ec1-f8782ed33d03" configVersion="e71a1130d32cd84abb54ba9e6a3767cb00000000"/>
		<Metadata name="Document.ОказаниеУслуги.Template.Печать.Template" id="820387d3-16d0-4b83-8ec1-f8782ed33d03.0" configVersion="b2a650115a9b294e955b6029eed16efe00000000"/>
		<Metadata name="Document.ПриходнаяНакладная" id="e4f8bc1d-89f2-4f1f-996a-51e9b2af522c" configVersion="014f626e04d29a41bd1a3c508bba061a00000000">
			<Metadata name="Document.ПриходнаяНакладная.Attribute.Склад" id="02808ba1-3852-497e-99a7-b980b12cc336"/>
			<Metadata name="Document.ПриходнаяНакладная.Attribute.Поставщик" id="125b9d23-8b8e-4ee1-90ee-1cdb5dee75c7"/>
			<Metadata name="Document.ПриходнаяНакладная.TabularSection.Материалы.Attribute.Количество" id="1797c356-6440-4dfb-b704-b69dd6943cd3"/>
			<Metadata name="Document.ПриходнаяНакладная.TabularSection.Материалы.Attribute.Номенклатура" id="2b3ccb14-d8da-486b-bf9b-a44efd8ec1a3"/>
			<Metadata name="Document.ПриходнаяНакладная.TabularSection.Материалы" id="65f81560-fd11-405d-8c76-da0e1f885121"/>
			<Metadata name="Document.ПриходнаяНакладная.TabularSection.Материалы.Attribute.Цена" id="74f14ffe-dce5-4f81-bd0a-f6a230529ccf"/>
			<Metadata name="Document.ПриходнаяНакладная.TabularSection.Материалы.Attribute.Сумма" id="87b2662a-4948-4806-956c-fa83333dc0ff"/>
			<Metadata name="Document.ПриходнаяНакладная.Attribute.СуммаПрописью" id="a8c97108-607d-4a20-aace-af2135924223"/>
			<Metadata name="Document.ПриходнаяНакладная.Command.Печать" id="ece74c88-1493-4d13-a183-f895ff9271f5"/>
			<Metadata name="Document.ПриходнаяНакладная.Attribute.ДатаПоставки" id="f23f83f8-40e2-4b8a-86ce-30065bb26bfc"/>
		</Metadata>
		<Metadata name="Document.ПриходнаяНакладная.Command.Печать.CommandModule" id="ece74c88-1493-4d13-a183-f895ff9271f5.2" configVersion="8f088682f3a35542ae2dec7edff8f5e500000000"/>
		<Metadata name="Document.ПриходнаяНакладная.Form.ФормаДокумента" id="a93325b9-89d5-44a6-bd4a-d7022257dd55" configVersion="b64fbb532708f34d9127d2a87944fffe00000000"/>
		<Metadata name="Document.ПриходнаяНакладная.Form.ФормаДокумента.Form" id="a93325b9-89d5-44a6-bd4a-d7022257dd55.0" configVersion="dbee4c9402fc3c48a15230385cd2691900000000"/>
		<Metadata name="Document.ПриходнаяНакладная.Form.ФормаДокумента.Help" id="a93325b9-89d5-44a6-bd4a-d7022257dd55.1" configVersion="1dc6cd11f658b7409375589e79fb6d7100000000"/>
		<Metadata name="Document.ПриходнаяНакладная.Help" id="e4f8bc1d-89f2-4f1f-996a-51e9b2af522c.1" configVersion="f271c8c034d06d4f92eb7feb09d5e35b00000000"/>
		<Metadata name="Document.ПриходнаяНакладная.ManagerModule" id="e4f8bc1d-89f2-4f1f-996a-51e9b2af522c.2" configVersion="003c8e8e947b9a4283051257171475fb00000000"/>
		<Metadata name="Document.ПриходнаяНакладная.ObjectModule" id="e4f8bc1d-89f2-4f1f-996a-51e9b2af522c.0" configVersion="60991f391f91054cae78375595dd7e9a00000000"/>
		<Metadata name="Document.ПриходнаяНакладная.Template.Печать" id="ca998e52-42de-4a38-b4d8-281a6230c395" configVersion="1d787505963cfb47a13cfd790398fb2500000000"/>
		<Metadata name="Document.ПриходнаяНакладная.Template.Печать.Template" id="ca998e52-42de-4a38-b4d8-281a6230c395.0" configVersion="b8b23146998e5845b49709ca591cf58200000000"/>
		<Metadata name="Document.РасходнаяНакладная" id="2a14506d-9ed7-4deb-966f-c83e93e5b02e" configVersion="18de962bf3d7134698eda4a7125d92eb00000000">
			<Metadata name="Document.РасходнаяНакладная.TabularSection.Материалы.Attribute.Количество" id="0cd6f909-d5a7-49e0-9243-3319260fae1e"/>
			<Metadata name="Document.РасходнаяНакладная.TabularSection.Материалы.Attribute.Сумма" id="149ab582-555d-41af-aa34-cfbfe08615f9"/>
			<Metadata name="Document.РасходнаяНакладная.TabularSection.Материалы.Attribute.Мастер" id="16870453-2bfe-4c21-a675-a67ec29d3893"/>
			<Metadata name="Document.РасходнаяНакладная.TabularSection.Материалы.Attribute.Цена" id="219070fe-0c88-448a-970a-785b338218d5"/>
			<Metadata name="Document.РасходнаяНакладная.TabularSection.Материалы" id="74fa178f-87f6-479c-881c-b55cb2fd7db2"/>
			<Metadata name="Document.РасходнаяНакладная.Attribute.ДатаПоставки" id="82ec8601-854f-48c1-88d6-8ec1e3c52f2b"/>
			<Metadata name="Document.РасходнаяНакладная.Command.Печать" id="bbb7bc8f-34f1-4af2-8d63-768ac6cabf85"/>
			<Metadata name="Document.РасходнаяНакладная.Attribute.Склад" id="cffc5006-d076-4064-b2b7-aabf6b85a102"/>
			<Metadata name="Document.РасходнаяНакладная.Attribute.СуммаПрописью" id="d12a1364-27f2-4fb7-a594-5c854d0d672b"/>
			<Metadata name="Document.РасходнаяНакладная.Attribute.Поставщик" id="f70f83b4-8e22-4178-9b35-1798f68fd164"/>
			<Metadata name="Document.РасходнаяНакладная.TabularSection.Материалы.Attribute.Номенклатура" id="fa434cee-32b8-43a4-80d9-6bc625e8e739"/>
			<Metadata name="Document.РасходнаяНакладная.Attribute.Мастер" id="fd01e151-9588-4b9a-9d1b-23b98e0fc246"/>
		</Metadata>
		<Metadata name="Document.РасходнаяНакладная.Command.Печать.CommandModule" id="bbb7bc8f-34f1-4af2-8d63-768ac6cabf85.2" configVersion="d90c4117b3ff8243a80ab4ce5516f25800000000"/>
		<Metadata name="Document.РасходнаяНакладная.Form.ФормаДокумента" id="4cf72eb8-e9f9-4584-b499-38f49d69ca01" configVersion="3acd6c59efc8f546a47cf827af8c5bef00000000"/>
		<Metadata name="Document.РасходнаяНакладная.Form.ФормаДокумента.Form" id="4cf72eb8-e9f9-4584-b499-38f49d69ca01.0" configVersion="5b37f81cd6b19740992ba203b975790800000000"/>
		<Metadata name="Document.РасходнаяНакладная.Form.ФормаДокумента.Help" id="4cf72eb8-e9f9-4584-b499-38f49d69ca01.1" configVersion="3c142206eb3bf64890ae0b6d8f3db40a00000000"/>
		<Metadata name="Document.РасходнаяНакладная.Help" id="2a14506d-9ed7-4deb-966f-c83e93e5b02e.1" configVersion="0010a6c3641c7f4d8ca93aa9a6e67b3b00000000"/>
		<Metadata name="Document.РасходнаяНакладная.ManagerModule" id="2a14506d-9ed7-4deb-966f-c83e93e5b02e.2" configVersion="680c8b02cc298242b44859afabcfd72500000000"/>
		<Metadata name="Document.РасходнаяНакладная.ObjectModule" id="2a14506d-9ed7-4deb-966f-c83e93e5b02e.0" configVersion="2125c0043ac5bb41b75d37edc7763fc700000000"/>
		<Metadata name="Document.РасходнаяНакладная.Template.Печать" id="ba0eef30-6c60-4d01-abad-e0670ad29952" configVersion="14529eb68dc93b46a3bdfce63324712f00000000"/>
		<Metadata name="Document.РасходнаяНакладная.Template.Печать.Template" id="ba0eef30-6c60-4d01-abad-e0670ad29952.0" configVersion="e4074dbde0e24246a9f5739b7c520eeb00000000"/>
		<Metadata name="Enum.ВидыНоменклатуры" id="f3844160-58cd-480e-b78f-e94b032586b7" configVersion="5f60d35bcd066548b64b8fd14e66c1ef00000000">
			<Metadata name="Enum.ВидыНоменклатуры.EnumValue.Номенклатура" id="1d47186f-5cd7-4219-b5db-4aa13fe8d982"/>
			<Metadata name="Enum.ВидыНоменклатуры.EnumValue.Услуга" id="f9e4c3b9-a98e-42c0-82dc-ce0a5a09eb07"/>
		</Metadata>
		<Metadata name="Enum.ВидыНоменклатуры.ManagerModule" id="f3844160-58cd-480e-b78f-e94b032586b7.0" configVersion="65d151736d0bef41b0649afc7497bf1400000000"/>
		<Metadata name="Enum.Пол" id="537ebe21-dd69-4c32-bc43-a64c203f30d5" configVersion="6c68e8594c1d7f4f9f66b0f6245e534900000000">
			<Metadata name="Enum.Пол.EnumValue.Ж" id="4d754b8f-4f35-4cae-954e-5ba1ddd35dec"/>
			<Metadata name="Enum.Пол.EnumValue.М" id="adf3b570-6bf6-486a-b0b5-531859b4c2da"/>
		</Metadata>
		<Metadata name="Enum.Пол.ManagerModule" id="537ebe21-dd69-4c32-bc43-a64c203f30d5.0" configVersion="bdd5011b1f567b408689b32471c445db00000000"/>
		<Metadata name="Enum.СемейноеПоложение" id="bbb71cf7-9892-4eb6-90ef-9f6423b75223" configVersion="2048295ec3edf4479f78aa62c031da2500000000">
			<Metadata name="Enum.СемейноеПоложение.EnumValue.НезамужемНеЖенат" id="001030a7-ff2e-4bba-ba57-a2475cb7cbb0"/>
			<Metadata name="Enum.СемейноеПоложение.EnumValue.ЗамужемЖенат" id="75084a18-7e89-44a6-b368-17c09120946b"/>
		</Metadata>
		<Metadata name="Enum.СемейноеПоложение.ManagerModule" id="bbb71cf7-9892-4eb6-90ef-9f6423b75223.0" configVersion="7a6b30c107f1114b8a69843e3a900d6400000000"/>
		<Metadata name="InformationRegister.Цены" id="1334c0e1-088f-4125-a4a0-30c945bfeaf2" configVersion="5e3170d463284045831476a0e86e18f700000000">
			<Metadata name="InformationRegister.Цены.Dimension.Номенклатура" id="71121bc6-d8c0-4c31-989a-1dcb44d2bbc1"/>
			<Metadata name="InformationRegister.Цены.Resource.Цена" id="dc00e2b4-63e3-419c-ab94-0b093c652703"/>
		</Metadata>
		<Metadata name="InformationRegister.Цены.Help" id="1334c0e1-088f-4125-a4a0-30c945bfeaf2.0" configVersion="4a57b74de4fc8f46858032b7736f08d800000000"/>
		<Metadata name="InformationRegister.Цены.ManagerModule" id="1334c0e1-088f-4125-a4a0-30c945bfeaf2.2" configVersion="924a96742567a5429cfee259dc0966cf00000000"/>
		<Metadata name="InformationRegister.Цены.RecordSetModule" id="1334c0e1-088f-4125-a4a0-30c945bfeaf2.1" configVersion="26ec481e11c9ad4aaea0c759db91f8f000000000"/>
		<Metadata name="Language.Русский" id="0cec3738-409e-4266-ba7c-1039091eb92a" configVersion="25e16de30d32f749aaf9adde8f919fc300000000"/>
		<Metadata name="Report.Материалы" id="cdde62fe-da0d-42bb-954c-7748dbd97fa4" configVersion="0f10786787d8c14c88f29ef57fe2985e00000000"/>
		<Metadata name="Report.Материалы.Help" id="cdde62fe-da0d-42bb-954c-7748dbd97fa4.1" configVersion="7964fed4f534b643a859312ced236e2400000000"/>
		<Metadata name="Report.Материалы.ManagerModule" id="cdde62fe-da0d-42bb-954c-7748dbd97fa4.2" configVersion="76ce6e0fcd1be04bb59cdf172f06983b00000000"/>
		<Metadata name="Report.Материалы.ObjectModule" id="cdde62fe-da0d-42bb-954c-7748dbd97fa4.0" configVersion="822a852f0b67bf48b45791fc97adf39000000000"/>
		<Metadata name="Report.Материалы.Template.ОсновнаяСхемаКомпоновкиДанных" id="3531cdef-32ec-4fb4-bdc9-5f2232d99d32" configVersion="1971e356b5adf24ba098afe0651cbab300000000"/>
		<Metadata name="Report.Материалы.Template.ОсновнаяСхемаКомпоновкиДанных.Template" id="3531cdef-32ec-4fb4-bdc9-5f2232d99d32.0" configVersion="15dc94998023f04c9d4f13a42e3e866300000000"/>
		<Metadata name="Role.Админ" id="94d436b3-adb6-4160-b525-3de07d06c6f4" configVersion="98e23f7f9aa35a4e808dfc34138e089600000000"/>
		<Metadata name="Role.Админ.Rights" id="94d436b3-adb6-4160-b525-3de07d06c6f4.0" configVersion="52b0a0e7e6fe3042a0e7f8a8bfcd19bf00000000"/>
		<Metadata name="Role.Бухгалтер" id="33bf7601-0dbb-4276-8e7a-44f51dcb8ff4" configVersion="5d197191f964864ebb701311ff0f180f00000000"/>
		<Metadata name="Role.Бухгалтер.Rights" id="33bf7601-0dbb-4276-8e7a-44f51dcb8ff4.0" configVersion="020dd19a0dd2334b9ef24becd8d72c1300000000"/>
		<Metadata name="Subsystem.Бухгалтерия" id="42978fe3-9796-4069-9a26-0fef34145e34" configVersion="ea34b61915cca943aff2d9fe0e48a44d00000000"/>
		<Metadata name="Subsystem.Бухгалтерия.CommandInterface" id="42978fe3-9796-4069-9a26-0fef34145e34.1" configVersion="2df397823ff2794eb3c33b9fdfadeb4b00000000"/>
		<Metadata name="Subsystem.Бухгалтерия.Help" id="42978fe3-9796-4069-9a26-0fef34145e34.0" configVersion="9516458c1803dd4caa11426ea08c443200000000"/>
		<Metadata name="Subsystem.ОказаниеУслуг" id="3352237d-2167-4689-818e-8edba5577fe2" configVersion="b43a3c7ea6c82243ae6875ee720e93bf00000000"/>
		<Metadata name="Subsystem.ОказаниеУслуг.CommandInterface" id="3352237d-2167-4689-818e-8edba5577fe2.1" configVersion="0a58732aad0e3b4188e847ac5076afb300000000"/>
		<Metadata name="Subsystem.ОказаниеУслуг.Help" id="3352237d-2167-4689-818e-8edba5577fe2.0" configVersion="e58647c3a100ba42a8000cd5f2a20d8100000000"/>
		<Metadata name="Subsystem.Предприятие" id="49af1c17-effb-49c0-b1e7-c2bf67c1697c" configVersion="d9bbe09c2406704f8c83cf851b2e3c7000000000"/>
		<Metadata name="Subsystem.Предприятие.CommandInterface" id="49af1c17-effb-49c0-b1e7-c2bf67c1697c.1" configVersion="10c11b2e9d58664b899172a395a4010a00000000"/>
		<Metadata name="Subsystem.Предприятие.Help" id="49af1c17-effb-49c0-b1e7-c2bf67c1697c.0" configVersion="ea876bc38e57e04e89d00af39132ae3500000000"/>
		<Metadata name="Subsystem.Сотрудники" id="ee1ba871-284d-4815-bff1-b5c9e427a26f" configVersion="334b176de2af714f9b3792a6710bf86500000000"/>
		<Metadata name="Subsystem.Сотрудники.CommandInterface" id="ee1ba871-284d-4815-bff1-b5c9e427a26f.1" configVersion="e058ab95911c344d8a929347340d7ce500000000"/>
		<Metadata name="Subsystem.Сотрудники.Help" id="ee1ba871-284d-4815-bff1-b5c9e427a26f.0" configVersion="935d65a26ad19d45ab5fb51bc763770e00000000"/>
		<Metadata name="Subsystem.УчётМатериалов" id="6086ea79-f500-4371-a1d3-3ee3f44a7aa6" configVersion="4b2c5db2837c094db59c5cabdec2dcac00000000"/>
		<Metadata name="Subsystem.УчётМатериалов.CommandInterface" id="6086ea79-f500-4371-a1d3-3ee3f44a7aa6.1" configVersion="e42134f963cc68408b252505f817a07600000000"/>
		<Metadata name="Subsystem.УчётМатериалов.Help" id="6086ea79-f500-4371-a1d3-3ee3f44a7aa6.0" configVersion="afaeb176ba6ee642988525e9c68a871700000000"/>
	</ConfigVersions>
</ConfigDumpInfo>