﻿<?xml version="1.0" encoding="UTF-8"?>
<MetaDataObject xmlns="http://v8.1c.ru/8.3/MDClasses" xmlns:app="http://v8.1c.ru/8.2/managed-application/core" xmlns:cfg="http://v8.1c.ru/8.1/data/enterprise/current-config" xmlns:cmi="http://v8.1c.ru/8.2/managed-application/cmi" xmlns:ent="http://v8.1c.ru/8.1/data/enterprise" xmlns:lf="http://v8.1c.ru/8.2/managed-application/logform" xmlns:style="http://v8.1c.ru/8.1/data/ui/style" xmlns:sys="http://v8.1c.ru/8.1/data/ui/fonts/system" xmlns:v8="http://v8.1c.ru/8.1/data/core" xmlns:v8ui="http://v8.1c.ru/8.1/data/ui" xmlns:web="http://v8.1c.ru/8.1/data/ui/colors/web" xmlns:win="http://v8.1c.ru/8.1/data/ui/colors/windows" xmlns:xen="http://v8.1c.ru/8.3/xcf/enums" xmlns:xpr="http://v8.1c.ru/8.3/xcf/predef" xmlns:xr="http://v8.1c.ru/8.3/xcf/readable" xmlns:xs="http://www.w3.org/2001/XMLSchema" xmlns:xsi="http://www.w3.org/2001/XMLSchema-instance" version="2.16">
	<Subsystem uuid="3352237d-2167-4689-818e-8edba5577fe2">
		<Properties>
			<Name>ОказаниеУслуг</Name>
			<Synonym>
				<v8:item>
					<v8:lang>ru</v8:lang>
					<v8:content>Оказание услуг</v8:content>
				</v8:item>
			</Synonym>
			<Comment/>
			<IncludeHelpInContents>true</IncludeHelpInContents>
			<IncludeInCommandInterface>true</IncludeInCommandInterface>
			<UseOneCommand>false</UseOneCommand>
			<Explanation/>
			<Picture>
				<xr:Ref>CommonPicture.ОказаниеУслуг</xr:Ref>
				<xr:LoadTransparent>true</xr:LoadTransparent>
			</Picture>
			<Content>
				<xr:Item xsi:type="xr:MDObjectRef">f4be1e2e-a821-436b-9f02-63f1ea241524</xr:Item>
				<xr:Item xsi:type="xr:MDObjectRef">Catalog.Номенклатура</xr:Item>
				<xr:Item xsi:type="xr:MDObjectRef">Catalog.Контрагенты</xr:Item>
				<xr:Item xsi:type="xr:MDObjectRef">Catalog.ПредставителиКонтрагентов</xr:Item>
				<xr:Item xsi:type="xr:MDObjectRef">Document.ОказаниеУслуги</xr:Item>
				<xr:Item xsi:type="xr:MDObjectRef">InformationRegister.Цены</xr:Item>
				<xr:Item xsi:type="xr:MDObjectRef">0ee026e0-cd47-4736-a02e-ca96e6116057</xr:Item>
				<xr:Item xsi:type="xr:MDObjectRef">Document.ПриходнаяНакладная</xr:Item>
				<xr:Item xsi:type="xr:MDObjectRef">Document.РасходнаяНакладная</xr:Item>
				<xr:Item xsi:type="xr:MDObjectRef">8ed94780-27fc-4e7a-a0aa-a5dce8ff6263</xr:Item>
			</Content>
		</Properties>
		<ChildObjects/>
	</Subsystem>
</MetaDataObject>