﻿<?xml version="1.0" encoding="UTF-8"?>
<MetaDataObject xmlns="http://v8.1c.ru/8.3/MDClasses" xmlns:app="http://v8.1c.ru/8.2/managed-application/core" xmlns:cfg="http://v8.1c.ru/8.1/data/enterprise/current-config" xmlns:cmi="http://v8.1c.ru/8.2/managed-application/cmi" xmlns:ent="http://v8.1c.ru/8.1/data/enterprise" xmlns:lf="http://v8.1c.ru/8.2/managed-application/logform" xmlns:style="http://v8.1c.ru/8.1/data/ui/style" xmlns:sys="http://v8.1c.ru/8.1/data/ui/fonts/system" xmlns:v8="http://v8.1c.ru/8.1/data/core" xmlns:v8ui="http://v8.1c.ru/8.1/data/ui" xmlns:web="http://v8.1c.ru/8.1/data/ui/colors/web" xmlns:win="http://v8.1c.ru/8.1/data/ui/colors/windows" xmlns:xen="http://v8.1c.ru/8.3/xcf/enums" xmlns:xpr="http://v8.1c.ru/8.3/xcf/predef" xmlns:xr="http://v8.1c.ru/8.3/xcf/readable" xmlns:xs="http://www.w3.org/2001/XMLSchema" xmlns:xsi="http://www.w3.org/2001/XMLSchema-instance" version="2.16">
	<Subsystem uuid="49af1c17-effb-49c0-b1e7-c2bf67c1697c">
		<Properties>
			<Name>Предприятие</Name>
			<Synonym>
				<v8:item>
					<v8:lang>ru</v8:lang>
					<v8:content>Предприятие</v8:content>
				</v8:item>
			</Synonym>
			<Comment/>
			<IncludeHelpInContents>true</IncludeHelpInContents>
			<IncludeInCommandInterface>true</IncludeInCommandInterface>
			<UseOneCommand>false</UseOneCommand>
			<Explanation/>
			<Picture>
				<xr:Ref>CommonPicture.Предприятие</xr:Ref>
				<xr:LoadTransparent>true</xr:LoadTransparent>
			</Picture>
			<Content>
				<xr:Item xsi:type="xr:MDObjectRef">Catalog.Отделы</xr:Item>
				<xr:Item xsi:type="xr:MDObjectRef">Catalog.Склады</xr:Item>
				<xr:Item xsi:type="xr:MDObjectRef">953ddff5-9953-446c-9ef4-281938e75003</xr:Item>
			</Content>
		</Properties>
		<ChildObjects/>
	</Subsystem>
</MetaDataObject>