﻿<?xml version="1.0" encoding="UTF-8"?>
<MetaDataObject xmlns="http://v8.1c.ru/8.3/MDClasses" xmlns:app="http://v8.1c.ru/8.2/managed-application/core" xmlns:cfg="http://v8.1c.ru/8.1/data/enterprise/current-config" xmlns:cmi="http://v8.1c.ru/8.2/managed-application/cmi" xmlns:ent="http://v8.1c.ru/8.1/data/enterprise" xmlns:lf="http://v8.1c.ru/8.2/managed-application/logform" xmlns:style="http://v8.1c.ru/8.1/data/ui/style" xmlns:sys="http://v8.1c.ru/8.1/data/ui/fonts/system" xmlns:v8="http://v8.1c.ru/8.1/data/core" xmlns:v8ui="http://v8.1c.ru/8.1/data/ui" xmlns:web="http://v8.1c.ru/8.1/data/ui/colors/web" xmlns:win="http://v8.1c.ru/8.1/data/ui/colors/windows" xmlns:xen="http://v8.1c.ru/8.3/xcf/enums" xmlns:xpr="http://v8.1c.ru/8.3/xcf/predef" xmlns:xr="http://v8.1c.ru/8.3/xcf/readable" xmlns:xs="http://www.w3.org/2001/XMLSchema" xmlns:xsi="http://www.w3.org/2001/XMLSchema-instance" version="2.16">
	<Subsystem uuid="6086ea79-f500-4371-a1d3-3ee3f44a7aa6">
		<Properties>
			<Name>УчётМатериалов</Name>
			<Synonym>
				<v8:item>
					<v8:lang>ru</v8:lang>
					<v8:content>Учёт материалов</v8:content>
				</v8:item>
			</Synonym>
			<Comment/>
			<IncludeHelpInContents>true</IncludeHelpInContents>
			<IncludeInCommandInterface>true</IncludeInCommandInterface>
			<UseOneCommand>false</UseOneCommand>
			<Explanation/>
			<Picture>
				<xr:Ref>CommonPicture.УчетМатериалов</xr:Ref>
				<xr:LoadTransparent>true</xr:LoadTransparent>
			</Picture>
			<Content>
				<xr:Item xsi:type="xr:MDObjectRef">Catalog.Номенклатура</xr:Item>
				<xr:Item xsi:type="xr:MDObjectRef">Catalog.Склады</xr:Item>
				<xr:Item xsi:type="xr:MDObjectRef">Document.ПриходнаяНакладная</xr:Item>
				<xr:Item xsi:type="xr:MDObjectRef">AccumulationRegister.ОстаткиМатериалов</xr:Item>
				<xr:Item xsi:type="xr:MDObjectRef">40f9c5f2-afff-4946-aa1d-fb4977502e6f</xr:Item>
				<xr:Item xsi:type="xr:MDObjectRef">AccumulationRegister.Продажи</xr:Item>
				<xr:Item xsi:type="xr:MDObjectRef">d639f1f6-94db-4b62-9a97-6d0100b5153b</xr:Item>
				<xr:Item xsi:type="xr:MDObjectRef">Document.РасходнаяНакладная</xr:Item>
				<xr:Item xsi:type="xr:MDObjectRef">AccumulationRegister.Закупка</xr:Item>
				<xr:Item xsi:type="xr:MDObjectRef">Report.Материалы</xr:Item>
				<xr:Item xsi:type="xr:MDObjectRef">InformationRegister.Цены</xr:Item>
			</Content>
		</Properties>
		<ChildObjects/>
	</Subsystem>
</MetaDataObject>