﻿<?xml version="1.0" encoding="UTF-8"?>
<Rights xmlns="http://v8.1c.ru/8.2/roles" xmlns:xs="http://www.w3.org/2001/XMLSchema" xmlns:xsi="http://www.w3.org/2001/XMLSchema-instance" xsi:type="Rights" version="2.16">
	<setForNewObjects>true</setForNewObjects>
	<setForAttributesByDefault>true</setForAttributesByDefault>
	<independentRightsOfChildObjects>false</independentRightsOfChildObjects>
	<object>
		<name>Configuration.УчетКомпьютеровИКомплектующих</name>
		<right>
			<name>Administration</name>
			<value>false</value>
		</right>
		<right>
			<name>DataAdministration</name>
			<value>false</value>
		</right>
		<right>
			<name>UpdateDataBaseConfiguration</name>
			<value>false</value>
		</right>
		<right>
			<name>ExclusiveMode</name>
			<value>false</value>
		</right>
		<right>
			<name>ActiveUsers</name>
			<value>false</value>
		</right>
		<right>
			<name>EventLog</name>
			<value>false</value>
		</right>
		<right>
			<name>ThickClient</name>
			<value>false</value>
		</right>
		<right>
			<name>ExternalConnection</name>
			<value>false</value>
		</right>
		<right>
			<name>Automation</name>
			<value>false</value>
		</right>
		<right>
			<name>TechnicalSpecialistMode</name>
			<value>false</value>
		</right>
		<right>
			<name>CollaborationSystemInfoBaseRegistration</name>
			<value>false</value>
		</right>
		<right>
			<name>MainWindowModeNormal</name>
			<value>true</value>
		</right>
		<right>
			<name>MainWindowModeWorkplace</name>
			<value>true</value>
		</right>
		<right>
			<name>MainWindowModeEmbeddedWorkplace</name>
			<value>true</value>
		</right>
		<right>
			<name>MainWindowModeFullscreenWorkplace</name>
			<value>true</value>
		</right>
		<right>
			<name>MainWindowModeKiosk</name>
			<value>true</value>
		</right>
		<right>
			<name>AnalyticsSystemClient</name>
			<value>true</value>
		</right>
		<right>
			<name>ExclusiveModeTerminationAtSessionStart</name>
			<value>false</value>
		</right>
		<right>
			<name>ConfigurationExtensionsAdministration</name>
			<value>false</value>
		</right>
		<right>
			<name>InteractiveOpenExtDataProcessors</name>
			<value>false</value>
		</right>
		<right>
			<name>InteractiveOpenExtReports</name>
			<value>false</value>
		</right>
	</object>
	<object>
		<name>Catalog.Контрагенты.Attribute.ТелефонКонтактногоЛица</name>
		<right>
			<name>Edit</name>
			<value>false</value>
		</right>
	</object>
	<object>
		<name>Catalog.Файлы</name>
		<right>
			<name>Insert</name>
			<value>false</value>
		</right>
		<right>
			<name>Update</name>
			<value>false</value>
		</right>
		<right>
			<name>Delete</name>
			<value>false</value>
		</right>
		<right>
			<name>InteractiveInsert</name>
			<value>false</value>
		</right>
		<right>
			<name>Edit</name>
			<value>false</value>
		</right>
		<right>
			<name>InteractiveDelete</name>
			<value>false</value>
		</right>
		<right>
			<name>InteractiveSetDeletionMark</name>
			<value>false</value>
		</right>
		<right>
			<name>InteractiveClearDeletionMark</name>
			<value>false</value>
		</right>
		<right>
			<name>InteractiveDeleteMarked</name>
			<value>false</value>
		</right>
		<right>
			<name>InteractiveDeletePredefinedData</name>
			<value>false</value>
		</right>
		<right>
			<name>InteractiveSetDeletionMarkPredefinedData</name>
			<value>false</value>
		</right>
		<right>
			<name>InteractiveClearDeletionMarkPredefinedData</name>
			<value>false</value>
		</right>
		<right>
			<name>InteractiveDeleteMarkedPredefinedData</name>
			<value>false</value>
		</right>
	</object>
	<object>
		<name>Catalog.Файлы.StandardAttribute.PredefinedDataName</name>
		<right>
			<name>Edit</name>
			<value>false</value>
		</right>
	</object>
	<object>
		<name>Catalog.Файлы.StandardAttribute.Predefined</name>
		<right>
			<name>Edit</name>
			<value>false</value>
		</right>
	</object>
	<object>
		<name>Catalog.Файлы.StandardAttribute.Ref</name>
		<right>
			<name>Edit</name>
			<value>false</value>
		</right>
	</object>
	<object>
		<name>Catalog.Файлы.StandardAttribute.DeletionMark</name>
		<right>
			<name>Edit</name>
			<value>false</value>
		</right>
	</object>
	<object>
		<name>Catalog.Файлы.StandardAttribute.IsFolder</name>
		<right>
			<name>Edit</name>
			<value>false</value>
		</right>
	</object>
	<object>
		<name>Catalog.Файлы.StandardAttribute.Owner</name>
		<right>
			<name>Edit</name>
			<value>false</value>
		</right>
	</object>
	<object>
		<name>Catalog.Файлы.StandardAttribute.Parent</name>
		<right>
			<name>Edit</name>
			<value>false</value>
		</right>
	</object>
	<object>
		<name>Catalog.Файлы.StandardAttribute.Description</name>
		<right>
			<name>Edit</name>
			<value>false</value>
		</right>
	</object>
	<object>
		<name>Catalog.Файлы.StandardAttribute.Code</name>
		<right>
			<name>Edit</name>
			<value>false</value>
		</right>
	</object>
	<object>
		<name>Document.РасходнаяНакладная</name>
		<right>
			<name>Delete</name>
			<value>false</value>
		</right>
		<right>
			<name>InteractiveDelete</name>
			<value>false</value>
		</right>
		<right>
			<name>InteractiveDeleteMarked</name>
			<value>false</value>
		</right>
	</object>
	<object>
		<name>Catalog.ПредставителиКонтрагентов</name>
		<right>
			<name>Insert</name>
			<value>false</value>
		</right>
		<right>
			<name>Update</name>
			<value>false</value>
		</right>
		<right>
			<name>InteractiveInsert</name>
			<value>false</value>
		</right>
		<right>
			<name>Edit</name>
			<value>false</value>
		</right>
		<right>
			<name>InteractiveDelete</name>
			<value>false</value>
		</right>
		<right>
			<name>InteractiveSetDeletionMark</name>
			<value>false</value>
		</right>
		<right>
			<name>InteractiveClearDeletionMark</name>
			<value>false</value>
		</right>
		<right>
			<name>InteractiveDeleteMarked</name>
			<value>false</value>
		</right>
		<right>
			<name>InteractiveDeletePredefinedData</name>
			<value>false</value>
		</right>
		<right>
			<name>InteractiveSetDeletionMarkPredefinedData</name>
			<value>false</value>
		</right>
		<right>
			<name>InteractiveClearDeletionMarkPredefinedData</name>
			<value>false</value>
		</right>
		<right>
			<name>InteractiveDeleteMarkedPredefinedData</name>
			<value>false</value>
		</right>
	</object>
	<object>
		<name>Catalog.ПредставителиКонтрагентов.StandardAttribute.PredefinedDataName</name>
		<right>
			<name>Edit</name>
			<value>false</value>
		</right>
	</object>
	<object>
		<name>Catalog.ПредставителиКонтрагентов.StandardAttribute.Predefined</name>
		<right>
			<name>Edit</name>
			<value>false</value>
		</right>
	</object>
	<object>
		<name>Catalog.ПредставителиКонтрагентов.StandardAttribute.Ref</name>
		<right>
			<name>Edit</name>
			<value>false</value>
		</right>
	</object>
	<object>
		<name>Catalog.ПредставителиКонтрагентов.StandardAttribute.DeletionMark</name>
		<right>
			<name>Edit</name>
			<value>false</value>
		</right>
	</object>
	<object>
		<name>Catalog.ПредставителиКонтрагентов.StandardAttribute.IsFolder</name>
		<right>
			<name>Edit</name>
			<value>false</value>
		</right>
	</object>
	<object>
		<name>Catalog.ПредставителиКонтрагентов.StandardAttribute.Owner</name>
		<right>
			<name>Edit</name>
			<value>false</value>
		</right>
	</object>
	<object>
		<name>Catalog.ПредставителиКонтрагентов.StandardAttribute.Parent</name>
		<right>
			<name>Edit</name>
			<value>false</value>
		</right>
	</object>
	<object>
		<name>Catalog.ПредставителиКонтрагентов.StandardAttribute.Description</name>
		<right>
			<name>Edit</name>
			<value>false</value>
		</right>
	</object>
	<object>
		<name>Catalog.ПредставителиКонтрагентов.StandardAttribute.Code</name>
		<right>
			<name>Edit</name>
			<value>false</value>
		</right>
	</object>
	<object>
		<name>Catalog.Контрагенты</name>
		<right>
			<name>Insert</name>
			<value>false</value>
		</right>
		<right>
			<name>Update</name>
			<value>false</value>
		</right>
		<right>
			<name>Delete</name>
			<value>false</value>
		</right>
		<right>
			<name>InteractiveInsert</name>
			<value>false</value>
		</right>
		<right>
			<name>Edit</name>
			<value>false</value>
		</right>
		<right>
			<name>InteractiveDelete</name>
			<value>false</value>
		</right>
		<right>
			<name>InteractiveSetDeletionMark</name>
			<value>false</value>
		</right>
		<right>
			<name>InteractiveClearDeletionMark</name>
			<value>false</value>
		</right>
		<right>
			<name>InteractiveDeleteMarked</name>
			<value>false</value>
		</right>
		<right>
			<name>InteractiveDeletePredefinedData</name>
			<value>false</value>
		</right>
		<right>
			<name>InteractiveSetDeletionMarkPredefinedData</name>
			<value>false</value>
		</right>
		<right>
			<name>InteractiveClearDeletionMarkPredefinedData</name>
			<value>false</value>
		</right>
		<right>
			<name>InteractiveDeleteMarkedPredefinedData</name>
			<value>false</value>
		</right>
	</object>
	<object>
		<name>Catalog.Контрагенты.StandardAttribute.PredefinedDataName</name>
		<right>
			<name>Edit</name>
			<value>false</value>
		</right>
	</object>
	<object>
		<name>Catalog.Контрагенты.StandardAttribute.Predefined</name>
		<right>
			<name>Edit</name>
			<value>false</value>
		</right>
	</object>
	<object>
		<name>Catalog.Контрагенты.StandardAttribute.Ref</name>
		<right>
			<name>Edit</name>
			<value>false</value>
		</right>
	</object>
	<object>
		<name>Catalog.Контрагенты.StandardAttribute.DeletionMark</name>
		<right>
			<name>Edit</name>
			<value>false</value>
		</right>
	</object>
	<object>
		<name>Catalog.Контрагенты.StandardAttribute.IsFolder</name>
		<right>
			<name>Edit</name>
			<value>false</value>
		</right>
	</object>
	<object>
		<name>Catalog.Контрагенты.StandardAttribute.Owner</name>
		<right>
			<name>Edit</name>
			<value>false</value>
		</right>
	</object>
	<object>
		<name>Catalog.Контрагенты.StandardAttribute.Parent</name>
		<right>
			<name>Edit</name>
			<value>false</value>
		</right>
	</object>
	<object>
		<name>Catalog.Контрагенты.StandardAttribute.Description</name>
		<right>
			<name>Edit</name>
			<value>false</value>
		</right>
	</object>
	<object>
		<name>Catalog.Контрагенты.StandardAttribute.Code</name>
		<right>
			<name>Edit</name>
			<value>false</value>
		</right>
	</object>
	<object>
		<name>Catalog.Контрагенты.Attribute.ПолноеНаименование</name>
		<right>
			<name>Edit</name>
			<value>false</value>
		</right>
	</object>
	<object>
		<name>Catalog.Номенклатура</name>
		<right>
			<name>Insert</name>
			<value>false</value>
		</right>
		<right>
			<name>Update</name>
			<value>false</value>
		</right>
		<right>
			<name>Delete</name>
			<value>false</value>
		</right>
		<right>
			<name>InteractiveInsert</name>
			<value>false</value>
		</right>
		<right>
			<name>Edit</name>
			<value>false</value>
		</right>
		<right>
			<name>InteractiveDelete</name>
			<value>false</value>
		</right>
		<right>
			<name>InteractiveSetDeletionMark</name>
			<value>false</value>
		</right>
		<right>
			<name>InteractiveClearDeletionMark</name>
			<value>false</value>
		</right>
		<right>
			<name>InteractiveDeleteMarked</name>
			<value>false</value>
		</right>
		<right>
			<name>InteractiveDeletePredefinedData</name>
			<value>false</value>
		</right>
		<right>
			<name>InteractiveSetDeletionMarkPredefinedData</name>
			<value>false</value>
		</right>
		<right>
			<name>InteractiveClearDeletionMarkPredefinedData</name>
			<value>false</value>
		</right>
		<right>
			<name>InteractiveDeleteMarkedPredefinedData</name>
			<value>false</value>
		</right>
	</object>
	<object>
		<name>Catalog.Номенклатура.StandardAttribute.PredefinedDataName</name>
		<right>
			<name>Edit</name>
			<value>false</value>
		</right>
	</object>
	<object>
		<name>Catalog.Номенклатура.StandardAttribute.Predefined</name>
		<right>
			<name>Edit</name>
			<value>false</value>
		</right>
	</object>
	<object>
		<name>Catalog.Номенклатура.StandardAttribute.Ref</name>
		<right>
			<name>Edit</name>
			<value>false</value>
		</right>
	</object>
	<object>
		<name>Catalog.Номенклатура.StandardAttribute.DeletionMark</name>
		<right>
			<name>Edit</name>
			<value>false</value>
		</right>
	</object>
	<object>
		<name>Catalog.Номенклатура.StandardAttribute.IsFolder</name>
		<right>
			<name>Edit</name>
			<value>false</value>
		</right>
	</object>
	<object>
		<name>Catalog.Номенклатура.StandardAttribute.Owner</name>
		<right>
			<name>Edit</name>
			<value>false</value>
		</right>
	</object>
	<object>
		<name>Catalog.Номенклатура.StandardAttribute.Parent</name>
		<right>
			<name>Edit</name>
			<value>false</value>
		</right>
	</object>
	<object>
		<name>Catalog.Номенклатура.StandardAttribute.Description</name>
		<right>
			<name>Edit</name>
			<value>false</value>
		</right>
	</object>
	<object>
		<name>Catalog.Номенклатура.StandardAttribute.Code</name>
		<right>
			<name>Edit</name>
			<value>false</value>
		</right>
	</object>
	<object>
		<name>Catalog.Файлы.Attribute.Файл</name>
		<right>
			<name>Edit</name>
			<value>false</value>
		</right>
	</object>
	<object>
		<name>Catalog.Отделы</name>
		<right>
			<name>Insert</name>
			<value>false</value>
		</right>
		<right>
			<name>Update</name>
			<value>false</value>
		</right>
		<right>
			<name>Delete</name>
			<value>false</value>
		</right>
		<right>
			<name>InteractiveInsert</name>
			<value>false</value>
		</right>
		<right>
			<name>Edit</name>
			<value>false</value>
		</right>
		<right>
			<name>InteractiveDelete</name>
			<value>false</value>
		</right>
		<right>
			<name>InteractiveSetDeletionMark</name>
			<value>false</value>
		</right>
		<right>
			<name>InteractiveClearDeletionMark</name>
			<value>false</value>
		</right>
		<right>
			<name>InteractiveDeleteMarked</name>
			<value>false</value>
		</right>
		<right>
			<name>InteractiveDeletePredefinedData</name>
			<value>false</value>
		</right>
		<right>
			<name>InteractiveSetDeletionMarkPredefinedData</name>
			<value>false</value>
		</right>
		<right>
			<name>InteractiveClearDeletionMarkPredefinedData</name>
			<value>false</value>
		</right>
		<right>
			<name>InteractiveDeleteMarkedPredefinedData</name>
			<value>false</value>
		</right>
	</object>
	<object>
		<name>Catalog.Отделы.StandardAttribute.PredefinedDataName</name>
		<right>
			<name>Edit</name>
			<value>false</value>
		</right>
	</object>
	<object>
		<name>Catalog.Отделы.StandardAttribute.Predefined</name>
		<right>
			<name>Edit</name>
			<value>false</value>
		</right>
	</object>
	<object>
		<name>Catalog.Отделы.StandardAttribute.Ref</name>
		<right>
			<name>Edit</name>
			<value>false</value>
		</right>
	</object>
	<object>
		<name>Catalog.Отделы.StandardAttribute.DeletionMark</name>
		<right>
			<name>Edit</name>
			<value>false</value>
		</right>
	</object>
	<object>
		<name>Catalog.Отделы.StandardAttribute.IsFolder</name>
		<right>
			<name>Edit</name>
			<value>false</value>
		</right>
	</object>
	<object>
		<name>Catalog.Отделы.StandardAttribute.Owner</name>
		<right>
			<name>Edit</name>
			<value>false</value>
		</right>
	</object>
	<object>
		<name>Catalog.Отделы.StandardAttribute.Parent</name>
		<right>
			<name>Edit</name>
			<value>false</value>
		</right>
	</object>
	<object>
		<name>Catalog.Отделы.StandardAttribute.Description</name>
		<right>
			<name>Edit</name>
			<value>false</value>
		</right>
	</object>
	<object>
		<name>Catalog.Отделы.StandardAttribute.Code</name>
		<right>
			<name>Edit</name>
			<value>false</value>
		</right>
	</object>
	<object>
		<name>Catalog.ПредставителиКонтрагентов.Attribute.КонтактныеСведения</name>
		<right>
			<name>Edit</name>
			<value>false</value>
		</right>
	</object>
	<object>
		<name>Catalog.Номенклатура.Attribute.Описание</name>
		<right>
			<name>Edit</name>
			<value>false</value>
		</right>
	</object>
	<object>
		<name>Catalog.Номенклатура.Attribute.ВидНоменклатуры</name>
		<right>
			<name>Edit</name>
			<value>false</value>
		</right>
	</object>
	<object>
		<name>Document.ОказаниеУслуги.Command.Печать</name>
		<right>
			<name>View</name>
			<value>false</value>
		</right>
	</object>
	<object>
		<name>Catalog.Склады</name>
		<right>
			<name>Insert</name>
			<value>false</value>
		</right>
		<right>
			<name>Update</name>
			<value>false</value>
		</right>
		<right>
			<name>Delete</name>
			<value>false</value>
		</right>
		<right>
			<name>InteractiveInsert</name>
			<value>false</value>
		</right>
		<right>
			<name>Edit</name>
			<value>false</value>
		</right>
		<right>
			<name>InteractiveDelete</name>
			<value>false</value>
		</right>
		<right>
			<name>InteractiveSetDeletionMark</name>
			<value>false</value>
		</right>
		<right>
			<name>InteractiveClearDeletionMark</name>
			<value>false</value>
		</right>
		<right>
			<name>InteractiveDeleteMarked</name>
			<value>false</value>
		</right>
		<right>
			<name>InteractiveDeletePredefinedData</name>
			<value>false</value>
		</right>
		<right>
			<name>InteractiveSetDeletionMarkPredefinedData</name>
			<value>false</value>
		</right>
		<right>
			<name>InteractiveClearDeletionMarkPredefinedData</name>
			<value>false</value>
		</right>
		<right>
			<name>InteractiveDeleteMarkedPredefinedData</name>
			<value>false</value>
		</right>
	</object>
	<object>
		<name>Catalog.Склады.StandardAttribute.PredefinedDataName</name>
		<right>
			<name>Edit</name>
			<value>false</value>
		</right>
	</object>
	<object>
		<name>Catalog.Склады.StandardAttribute.Predefined</name>
		<right>
			<name>Edit</name>
			<value>false</value>
		</right>
	</object>
	<object>
		<name>Catalog.Склады.StandardAttribute.Ref</name>
		<right>
			<name>Edit</name>
			<value>false</value>
		</right>
	</object>
	<object>
		<name>Catalog.Склады.StandardAttribute.DeletionMark</name>
		<right>
			<name>Edit</name>
			<value>false</value>
		</right>
	</object>
	<object>
		<name>Catalog.Склады.StandardAttribute.IsFolder</name>
		<right>
			<name>Edit</name>
			<value>false</value>
		</right>
	</object>
	<object>
		<name>Catalog.Склады.StandardAttribute.Owner</name>
		<right>
			<name>Edit</name>
			<value>false</value>
		</right>
	</object>
	<object>
		<name>Catalog.Склады.StandardAttribute.Parent</name>
		<right>
			<name>Edit</name>
			<value>false</value>
		</right>
	</object>
	<object>
		<name>Catalog.Склады.StandardAttribute.Description</name>
		<right>
			<name>Edit</name>
			<value>false</value>
		</right>
	</object>
	<object>
		<name>Catalog.Склады.StandardAttribute.Code</name>
		<right>
			<name>Edit</name>
			<value>false</value>
		</right>
	</object>
	<object>
		<name>Catalog.ПредставителиКонтрагентов.Attribute.Работает</name>
		<right>
			<name>Edit</name>
			<value>false</value>
		</right>
	</object>
	<object>
		<name>Document.РасходнаяНакладная.Command.Печать</name>
		<right>
			<name>View</name>
			<value>false</value>
		</right>
	</object>
	<object>
		<name>Document.ОказаниеУслуги</name>
		<right>
			<name>Delete</name>
			<value>false</value>
		</right>
		<right>
			<name>InteractiveDelete</name>
			<value>false</value>
		</right>
		<right>
			<name>InteractiveDeleteMarked</name>
			<value>false</value>
		</right>
	</object>
	<object>
		<name>Catalog.Контрагенты.Attribute.Адрес</name>
		<right>
			<name>Edit</name>
			<value>false</value>
		</right>
	</object>
	<object>
		<name>Document.ПриходнаяНакладная</name>
		<right>
			<name>Delete</name>
			<value>false</value>
		</right>
		<right>
			<name>InteractiveDelete</name>
			<value>false</value>
		</right>
		<right>
			<name>InteractiveDeleteMarked</name>
			<value>false</value>
		</right>
	</object>
	<object>
		<name>Document.ПриходнаяНакладная.Command.Печать</name>
		<right>
			<name>View</name>
			<value>false</value>
		</right>
	</object>
	<object>
		<name>Catalog.Сотрудники</name>
		<right>
			<name>Delete</name>
			<value>false</value>
		</right>
		<right>
			<name>InteractiveInsert</name>
			<value>false</value>
		</right>
		<right>
			<name>InteractiveDelete</name>
			<value>false</value>
		</right>
		<right>
			<name>InteractiveDeleteMarked</name>
			<value>false</value>
		</right>
		<right>
			<name>InteractiveDeletePredefinedData</name>
			<value>false</value>
		</right>
		<right>
			<name>InteractiveDeleteMarkedPredefinedData</name>
			<value>false</value>
		</right>
	</object>
	<object>
		<name>Catalog.Контрагенты.Attribute.КонтактноеЛицо</name>
		<right>
			<name>Edit</name>
			<value>false</value>
		</right>
	</object>
</Rights>