﻿<?xml version="1.0" encoding="UTF-8"?>
<PredefinedData xmlns="http://v8.1c.ru/8.3/xcf/predef" xmlns:v8="http://v8.1c.ru/8.1/data/core" xmlns:xr="http://v8.1c.ru/8.3/xcf/readable" xmlns:xs="http://www.w3.org/2001/XMLSchema" xmlns:xsi="http://www.w3.org/2001/XMLSchema-instance" xsi:type="CatalogPredefinedItems" version="2.16">
	<Item id="0365ef5f-f3aa-457a-99ed-6c0e1c090e43">
		<Name>Основной</Name>
		<Code>01</Code>
		<Description>Основной</Description>
		<IsFolder>false</IsFolder>
	</Item>
</PredefinedData>